{
    "MEETING_AREA_0": {
        "MEETING_AREA_1": 2.0,
        "SPAWN_AREA": 3.0,
        "FRONT_H_A0_1": 3.2534596969994882,
        "FRONT_H_A0_2": 2.790161285660741,
        "FRONT_H_A1_1": 2.2770595073471402,
        "FRONT_H_A1_2": 2.2770595073471402,
        "FRONT_H_A2_1": 2.790161285660741,
        "FRONT_H_A2_2": 3.253459696999488,
        "FRONT_H_A3_1": 4.28777331490367,
        "FRONT_H_A3_2": 4.897448315194352
    },
    "MEETING_AREA_1": {
        "MEETING_AREA_0": 2.0,
        "FRONT_H_A0_1": 4.897448315194352,
        "FRONT_H_A0_2": 4.287773314903669,
        "FRONT_H_A1_1": 3.2534596969994882,
        "FRONT_H_A1_2": 2.790161285660741,
        "FRONT_H_A2_1": 2.27705950734714,
        "FRONT_H_A2_2": 2.27705950734714,
        "FRONT_H_A3_1": 2.790161285660741,
        "FRONT_H_A3_2": 3.253459696999488
    },
    "SPAWN_AREA": {
        "SPAWN_EXIT": 2.0
    },
    "FRONT_H_A0_1": {
        "MEETING_AREA_0": 3.2534596969994882,
        "MEETING_AREA_1": 4.897448315194352,
        "FRONT_H_A1_1": 2.0,
        "A0_F1": 2.25
    },
    "FRONT_H_A0_2": {
        "MEETING_AREA_0": 2.790161285660741,
        "MEETING_AREA_1": 4.287773314903669,
        "FRONT_H_A1_2": 2.0,
        "A0_F2": 2.25
    },
    "FRONT_H_A1_1": {
        "MEETING_AREA_0": 2.2770595073471402,
        "MEETING_AREA_1": 3.2534596969994882,
        "FRONT_H_A0_1": 2.0,
        "FRONT_H_A2_1": 2.0000000000000004,
        "A1_F1": 2.25
    },
    "FRONT_H_A1_2": {
        "MEETING_AREA_0": 2.2770595073471402,
        "MEETING_AREA_1": 2.790161285660741,
        "FRONT_H_A0_2": 2.0,
        "FRONT_H_A2_2": 1.9999999999999996,
        "A1_F2": 2.25
    },
    "FRONT_H_A2_1": {
        "MEETING_AREA_0": 2.790161285660741,
        "MEETING_AREA_1": 2.27705950734714,
        "FRONT_H_A1_1": 2.0000000000000004,
        "FRONT_H_A3_1": 2.0,
        "A2_F1": 2.25
    },
    "FRONT_H_A2_2": {
        "MEETING_AREA_0": 3.253459696999488,
        "MEETING_AREA_1": 2.27705950734714,
        "FRONT_H_A1_2": 1.9999999999999996,
        "FRONT_H_A3_2": 2.0,
        "A2_F2": 2.25
    },
    "FRONT_H_A3_1": {
        "MEETING_AREA_0": 4.28777331490367,
        "MEETING_AREA_1": 2.790161285660741,
        "FRONT_H_A2_1": 2.0,
        "A3_F1": 2.25
    },
    "FRONT_H_A3_2": {
        "MEETING_AREA_0": 4.897448315194352,
        "MEETING_AREA_1": 3.253459696999488,
        "FRONT_H_A2_2": 2.0,
        "A3_F2": 2.25
    },
    "SPAWN_EXIT": {
        "FRONT_H_A0_1": 0.6964194138592059,
        "FRONT_H_A0_2": 1.3729530217745982,
        "FRONT_H_A1_1": 2.6617663308412327,
        "FRONT_H_A1_2": 3.359315406448165,
        "FRONT_H_A2_1": 4.656715580750021,
        "FRONT_H_A2_2": 5.3558379363083795,
        "FRONT_H_A3_1": 6.654697588921679,
        "FRONT_H_A3_2": 7.3542504716660275
    },
    "A0_F1": {
        "FRONT_H_A0_1": 2.25,
        "A1_F1": 2.0,
        "A0_P1_X0": 0.5
    },
    "A0_F2": {
        "FRONT_H_A0_2": 2.25,
        "A1_F2": 2.0,
        "A0_P2_X0": 0.5
    },
    "A1_F1": {
        "FRONT_H_A1_1": 2.25,
        "A0_F1": 2.0,
        "A2_F1": 2.0000000000000004,
        "A1_P1_X0": 0.5
    },
    "A1_F2": {
        "FRONT_H_A1_2": 2.25,
        "A0_F2": 2.0,
        "A2_F2": 1.9999999999999996,
        "A1_P2_X0": 0.5
    },
    "A2_F1": {
        "FRONT_H_A2_1": 2.25,
        "A1_F1": 2.0000000000000004,
        "A3_F1": 2.0,
        "A2_P1_X0": 0.5
    },
    "A2_F2": {
        "FRONT_H_A2_2": 2.25,
        "A1_F2": 1.9999999999999996,
        "A3_F2": 2.0,
        "A2_P2_X0": 0.5
    },
    "A3_F1": {
        "FRONT_H_A3_1": 2.25,
        "A2_F1": 2.0,
        "A3_P1_X0": 0.5
    },
    "A3_F2": {
        "FRONT_H_A3_2": 2.25,
        "A2_F2": 2.0,
        "A3_P2_X0": 0.5
    },
    "A0_P1_X0": {
        "A0_F1": 0.5,
        "A0_P1_X1": 0.7,
        "A0_P2_X0": 0.7000000000000002,
        "A0_S1_X0_L0": 0.6499999999999999,
        "A0_S1_X0_L1": 0.6499999999999999,
        "A0_S1_X0_L2": 0.6499999999999999,
        "A0_S1_X0_L3": 0.6499999999999999
    },
    "A0_P2_X0": {
        "A0_F2": 0.5,
        "A0_P2_X1": 0.7,
        "A0_P1_X0": 0.7000000000000002,
        "A0_S2_X0_L0": 0.6499999999999999,
        "A0_S2_X0_L1": 0.6499999999999999,
        "A0_S2_X0_L2": 0.6499999999999999,
        "A0_S2_X0_L3": 0.6499999999999999
    },
    "A1_P1_X0": {
        "A1_F1": 0.5,
        "A1_P1_X1": 0.7,
        "A1_P2_X0": 0.7000000000000002,
        "A1_S1_X0_L0": 0.6499999999999999,
        "A1_S1_X0_L1": 0.6499999999999999,
        "A1_S1_X0_L2": 0.6499999999999999,
        "A1_S1_X0_L3": 0.6499999999999999
    },
    "A1_P2_X0": {
        "A1_F2": 0.5,
        "A1_P2_X1": 0.7,
        "A1_P1_X0": 0.7000000000000002,
        "A1_S2_X0_L0": 0.6499999999999999,
        "A1_S2_X0_L1": 0.6499999999999999,
        "A1_S2_X0_L2": 0.6499999999999999,
        "A1_S2_X0_L3": 0.6499999999999999
    },
    "A2_P1_X0": {
        "A2_F1": 0.5,
        "A2_P1_X1": 0.7,
        "A2_P2_X0": 0.6999999999999993,
        "A2_S1_X0_L0": 0.6500000000000004,
        "A2_S1_X0_L1": 0.6500000000000004,
        "A2_S1_X0_L2": 0.6500000000000004,
        "A2_S1_X0_L3": 0.6500000000000004
    },
    "A2_P2_X0": {
        "A2_F2": 0.5,
        "A2_P2_X1": 0.7,
        "A2_P1_X0": 0.6999999999999993,
        "A2_S2_X0_L0": 0.6500000000000004,
        "A2_S2_X0_L1": 0.6500000000000004,
        "A2_S2_X0_L2": 0.6500000000000004,
        "A2_S2_X0_L3": 0.6500000000000004
    },
    "A3_P1_X0": {
        "A3_F1": 0.5,
        "A3_P1_X1": 0.7,
        "A3_P2_X0": 0.6999999999999993,
        "A3_S1_X0_L0": 0.6500000000000004,
        "A3_S1_X0_L1": 0.6500000000000004,
        "A3_S1_X0_L2": 0.6500000000000004,
        "A3_S1_X0_L3": 0.6500000000000004
    },
    "A3_P2_X0": {
        "A3_F2": 0.5,
        "A3_P2_X1": 0.7,
        "A3_P1_X0": 0.6999999999999993,
        "A3_S2_X0_L0": 0.6500000000000004,
        "A3_S2_X0_L1": 0.6500000000000004,
        "A3_S2_X0_L2": 0.6500000000000004,
        "A3_S2_X0_L3": 0.6500000000000004
    },
    "A0_P1_X1": {
        "A0_P1_X0": 0.7,
        "A0_P1_X2": 0.7,
        "A0_P2_X1": 0.7000000000000002,
        "A0_S1_X1_L0": 0.6499999999999999,
        "A0_S1_X1_L1": 0.6499999999999999,
        "A0_S1_X1_L2": 0.6499999999999999,
        "A0_S1_X1_L3": 0.6499999999999999
    },
    "A0_P1_X2": {
        "A0_P1_X1": 0.7,
        "A0_P1_X3": 0.6999999999999997,
        "A0_P2_X2": 0.7000000000000002,
        "A0_S1_X2_L0": 0.6499999999999999,
        "A0_S1_X2_L1": 0.6499999999999999,
        "A0_S1_X2_L2": 0.6499999999999999,
        "A0_S1_X2_L3": 0.6499999999999999
    },
    "A0_P1_X3": {
        "A0_P1_X2": 0.6999999999999997,
        "A0_P1_X4": 0.7000000000000002,
        "A0_P2_X3": 0.7000000000000002,
        "A0_S1_X3_L0": 0.6499999999999999,
        "A0_S1_X3_L1": 0.6499999999999999,
        "A0_S1_X3_L2": 0.6499999999999999,
        "A0_S1_X3_L3": 0.6499999999999999
    },
    "A0_P1_X4": {
        "A0_P1_X3": 0.7000000000000002,
        "A0_P2_X4": 0.7000000000000002,
        "A0_S1_X4_L0": 0.6499999999999999,
        "A0_S1_X4_L1": 0.6499999999999999,
        "A0_S1_X4_L2": 0.6499999999999999,
        "A0_S1_X4_L3": 0.6499999999999999,
        "A0_FS1": 0.5
    },
    "A0_P2_X1": {
        "A0_P2_X0": 0.7,
        "A0_P2_X2": 0.7,
        "A0_P1_X1": 0.7000000000000002,
        "A0_S2_X1_L0": 0.6499999999999999,
        "A0_S2_X1_L1": 0.6499999999999999,
        "A0_S2_X1_L2": 0.6499999999999999,
        "A0_S2_X1_L3": 0.6499999999999999
    },
    "A0_P2_X2": {
        "A0_P2_X1": 0.7,
        "A0_P2_X3": 0.6999999999999997,
        "A0_P1_X2": 0.7000000000000002,
        "A0_S2_X2_L0": 0.6499999999999999,
        "A0_S2_X2_L1": 0.6499999999999999,
        "A0_S2_X2_L2": 0.6499999999999999,
        "A0_S2_X2_L3": 0.6499999999999999
    },
    "A0_P2_X3": {
        "A0_P2_X2": 0.6999999999999997,
        "A0_P2_X4": 0.7000000000000002,
        "A0_P1_X3": 0.7000000000000002,
        "A0_S2_X3_L0": 0.6499999999999999,
        "A0_S2_X3_L1": 0.6499999999999999,
        "A0_S2_X3_L2": 0.6499999999999999,
        "A0_S2_X3_L3": 0.6499999999999999
    },
    "A0_P2_X4": {
        "A0_P2_X3": 0.7000000000000002,
        "A0_P1_X4": 0.7000000000000002,
        "A0_S2_X4_L0": 0.6499999999999999,
        "A0_S2_X4_L1": 0.6499999999999999,
        "A0_S2_X4_L2": 0.6499999999999999,
        "A0_S2_X4_L3": 0.6499999999999999,
        "A0_FS2": 0.5
    },
    "A1_P1_X1": {
        "A1_P1_X0": 0.7,
        "A1_P1_X2": 0.7,
        "A1_P2_X1": 0.7000000000000002,
        "A1_S1_X1_L0": 0.6499999999999999,
        "A1_S1_X1_L1": 0.6499999999999999,
        "A1_S1_X1_L2": 0.6499999999999999,
        "A1_S1_X1_L3": 0.6499999999999999
    },
    "A1_P1_X2": {
        "A1_P1_X1": 0.7,
        "A1_P1_X3": 0.6999999999999997,
        "A1_P2_X2": 0.7000000000000002,
        "A1_S1_X2_L0": 0.6499999999999999,
        "A1_S1_X2_L1": 0.6499999999999999,
        "A1_S1_X2_L2": 0.6499999999999999,
        "A1_S1_X2_L3": 0.6499999999999999
    },
    "A1_P1_X3": {
        "A1_P1_X2": 0.6999999999999997,
        "A1_P1_X4": 0.7000000000000002,
        "A1_P2_X3": 0.7000000000000002,
        "A1_S1_X3_L0": 0.6499999999999999,
        "A1_S1_X3_L1": 0.6499999999999999,
        "A1_S1_X3_L2": 0.6499999999999999,
        "A1_S1_X3_L3": 0.6499999999999999
    },
    "A1_P1_X4": {
        "A1_P1_X3": 0.7000000000000002,
        "A1_P2_X4": 0.7000000000000002,
        "A1_S1_X4_L0": 0.6499999999999999,
        "A1_S1_X4_L1": 0.6499999999999999,
        "A1_S1_X4_L2": 0.6499999999999999,
        "A1_S1_X4_L3": 0.6499999999999999,
        "A1_FS1": 0.5
    },
    "A1_P2_X1": {
        "A1_P2_X0": 0.7,
        "A1_P2_X2": 0.7,
        "A1_P1_X1": 0.7000000000000002,
        "A1_S2_X1_L0": 0.6499999999999999,
        "A1_S2_X1_L1": 0.6499999999999999,
        "A1_S2_X1_L2": 0.6499999999999999,
        "A1_S2_X1_L3": 0.6499999999999999
    },
    "A1_P2_X2": {
        "A1_P2_X1": 0.7,
        "A1_P2_X3": 0.6999999999999997,
        "A1_P1_X2": 0.7000000000000002,
        "A1_S2_X2_L0": 0.6499999999999999,
        "A1_S2_X2_L1": 0.6499999999999999,
        "A1_S2_X2_L2": 0.6499999999999999,
        "A1_S2_X2_L3": 0.6499999999999999
    },
    "A1_P2_X3": {
        "A1_P2_X2": 0.6999999999999997,
        "A1_P2_X4": 0.7000000000000002,
        "A1_P1_X3": 0.7000000000000002,
        "A1_S2_X3_L0": 0.6499999999999999,
        "A1_S2_X3_L1": 0.6499999999999999,
        "A1_S2_X3_L2": 0.6499999999999999,
        "A1_S2_X3_L3": 0.6499999999999999
    },
    "A1_P2_X4": {
        "A1_P2_X3": 0.7000000000000002,
        "A1_P1_X4": 0.7000000000000002,
        "A1_S2_X4_L0": 0.6499999999999999,
        "A1_S2_X4_L1": 0.6499999999999999,
        "A1_S2_X4_L2": 0.6499999999999999,
        "A1_S2_X4_L3": 0.6499999999999999,
        "A1_FS2": 0.5
    },
    "A2_P1_X1": {
        "A2_P1_X0": 0.7,
        "A2_P1_X2": 0.7,
        "A2_P2_X1": 0.6999999999999993,
        "A2_S1_X1_L0": 0.6500000000000004,
        "A2_S1_X1_L1": 0.6500000000000004,
        "A2_S1_X1_L2": 0.6500000000000004,
        "A2_S1_X1_L3": 0.6500000000000004
    },
    "A2_P1_X2": {
        "A2_P1_X1": 0.7,
        "A2_P1_X3": 0.6999999999999997,
        "A2_P2_X2": 0.6999999999999993,
        "A2_S1_X2_L0": 0.6500000000000004,
        "A2_S1_X2_L1": 0.6500000000000004,
        "A2_S1_X2_L2": 0.6500000000000004,
        "A2_S1_X2_L3": 0.6500000000000004
    },
    "A2_P1_X3": {
        "A2_P1_X2": 0.6999999999999997,
        "A2_P1_X4": 0.7000000000000002,
        "A2_P2_X3": 0.6999999999999993,
        "A2_S1_X3_L0": 0.6500000000000004,
        "A2_S1_X3_L1": 0.6500000000000004,
        "A2_S1_X3_L2": 0.6500000000000004,
        "A2_S1_X3_L3": 0.6500000000000004
    },
    "A2_P1_X4": {
        "A2_P1_X3": 0.7000000000000002,
        "A2_P2_X4": 0.6999999999999993,
        "A2_S1_X4_L0": 0.6500000000000004,
        "A2_S1_X4_L1": 0.6500000000000004,
        "A2_S1_X4_L2": 0.6500000000000004,
        "A2_S1_X4_L3": 0.6500000000000004,
        "A2_FS1": 0.5
    },
    "A2_P2_X1": {
        "A2_P2_X0": 0.7,
        "A2_P2_X2": 0.7,
        "A2_P1_X1": 0.6999999999999993,
        "A2_S2_X1_L0": 0.6500000000000004,
        "A2_S2_X1_L1": 0.6500000000000004,
        "A2_S2_X1_L2": 0.6500000000000004,
        "A2_S2_X1_L3": 0.6500000000000004
    },
    "A2_P2_X2": {
        "A2_P2_X1": 0.7,
        "A2_P2_X3": 0.6999999999999997,
        "A2_P1_X2": 0.6999999999999993,
        "A2_S2_X2_L0": 0.6500000000000004,
        "A2_S2_X2_L1": 0.6500000000000004,
        "A2_S2_X2_L2": 0.6500000000000004,
        "A2_S2_X2_L3": 0.6500000000000004
    },
    "A2_P2_X3": {
        "A2_P2_X2": 0.6999999999999997,
        "A2_P2_X4": 0.7000000000000002,
        "A2_P1_X3": 0.6999999999999993,
        "A2_S2_X3_L0": 0.6500000000000004,
        "A2_S2_X3_L1": 0.6500000000000004,
        "A2_S2_X3_L2": 0.6500000000000004,
        "A2_S2_X3_L3": 0.6500000000000004
    },
    "A2_P2_X4": {
        "A2_P2_X3": 0.7000000000000002,
        "A2_P1_X4": 0.6999999999999993,
        "A2_S2_X4_L0": 0.6500000000000004,
        "A2_S2_X4_L1": 0.6500000000000004,
        "A2_S2_X4_L2": 0.6500000000000004,
        "A2_S2_X4_L3": 0.6500000000000004,
        "A2_FS2": 0.5
    },
    "A3_P1_X1": {
        "A3_P1_X0": 0.7,
        "A3_P1_X2": 0.7,
        "A3_P2_X1": 0.6999999999999993,
        "A3_S1_X1_L0": 0.6500000000000004,
        "A3_S1_X1_L1": 0.6500000000000004,
        "A3_S1_X1_L2": 0.6500000000000004,
        "A3_S1_X1_L3": 0.6500000000000004
    },
    "A3_P1_X2": {
        "A3_P1_X1": 0.7,
        "A3_P1_X3": 0.6999999999999997,
        "A3_P2_X2": 0.6999999999999993,
        "A3_S1_X2_L0": 0.6500000000000004,
        "A3_S1_X2_L1": 0.6500000000000004,
        "A3_S1_X2_L2": 0.6500000000000004,
        "A3_S1_X2_L3": 0.6500000000000004
    },
    "A3_P1_X3": {
        "A3_P1_X2": 0.6999999999999997,
        "A3_P1_X4": 0.7000000000000002,
        "A3_P2_X3": 0.6999999999999993,
        "A3_S1_X3_L0": 0.6500000000000004,
        "A3_S1_X3_L1": 0.6500000000000004,
        "A3_S1_X3_L2": 0.6500000000000004,
        "A3_S1_X3_L3": 0.6500000000000004
    },
    "A3_P1_X4": {
        "A3_P1_X3": 0.7000000000000002,
        "A3_P2_X4": 0.6999999999999993,
        "A3_S1_X4_L0": 0.6500000000000004,
        "A3_S1_X4_L1": 0.6500000000000004,
        "A3_S1_X4_L2": 0.6500000000000004,
        "A3_S1_X4_L3": 0.6500000000000004,
        "A3_FS1": 0.5
    },
    "A3_P2_X1": {
        "A3_P2_X0": 0.7,
        "A3_P2_X2": 0.7,
        "A3_P1_X1": 0.6999999999999993,
        "A3_S2_X1_L0": 0.6500000000000004,
        "A3_S2_X1_L1": 0.6500000000000004,
        "A3_S2_X1_L2": 0.6500000000000004,
        "A3_S2_X1_L3": 0.6500000000000004
    },
    "A3_P2_X2": {
        "A3_P2_X1": 0.7,
        "A3_P2_X3": 0.6999999999999997,
        "A3_P1_X2": 0.6999999999999993,
        "A3_S2_X2_L0": 0.6500000000000004,
        "A3_S2_X2_L1": 0.6500000000000004,
        "A3_S2_X2_L2": 0.6500000000000004,
        "A3_S2_X2_L3": 0.6500000000000004
    },
    "A3_P2_X3": {
        "A3_P2_X2": 0.6999999999999997,
        "A3_P2_X4": 0.7000000000000002,
        "A3_P1_X3": 0.6999999999999993,
        "A3_S2_X3_L0": 0.6500000000000004,
        "A3_S2_X3_L1": 0.6500000000000004,
        "A3_S2_X3_L2": 0.6500000000000004,
        "A3_S2_X3_L3": 0.6500000000000004
    },
    "A3_P2_X4": {
        "A3_P2_X3": 0.7000000000000002,
        "A3_P1_X4": 0.6999999999999993,
        "A3_S2_X4_L0": 0.6500000000000004,
        "A3_S2_X4_L1": 0.6500000000000004,
        "A3_S2_X4_L2": 0.6500000000000004,
        "A3_S2_X4_L3": 0.6500000000000004,
        "A3_FS2": 0.5
    },
    "A0_S1_X0_L0": {
        "A0_P1_X0": 0.6499999999999999
    },
    "A0_S1_X0_L1": {
        "A0_P1_X0": 0.6499999999999999
    },
    "A0_S1_X0_L2": {
        "A0_P1_X0": 0.6499999999999999
    },
    "A0_S1_X0_L3": {
        "A0_P1_X0": 0.6499999999999999
    },
    "A0_S2_X0_L0": {
        "A0_P2_X0": 0.6499999999999999
    },
    "A0_S2_X0_L1": {
        "A0_P2_X0": 0.6499999999999999
    },
    "A0_S2_X0_L2": {
        "A0_P2_X0": 0.6499999999999999
    },
    "A0_S2_X0_L3": {
        "A0_P2_X0": 0.6499999999999999
    },
    "A0_S1_X1_L0": {
        "A0_P1_X1": 0.6499999999999999
    },
    "A0_S1_X1_L1": {
        "A0_P1_X1": 0.6499999999999999
    },
    "A0_S1_X1_L2": {
        "A0_P1_X1": 0.6499999999999999
    },
    "A0_S1_X1_L3": {
        "A0_P1_X1": 0.6499999999999999
    },
    "A0_S2_X1_L0": {
        "A0_P2_X1": 0.6499999999999999
    },
    "A0_S2_X1_L1": {
        "A0_P2_X1": 0.6499999999999999
    },
    "A0_S2_X1_L2": {
        "A0_P2_X1": 0.6499999999999999
    },
    "A0_S2_X1_L3": {
        "A0_P2_X1": 0.6499999999999999
    },
    "A0_S1_X2_L0": {
        "A0_P1_X2": 0.6499999999999999
    },
    "A0_S1_X2_L1": {
        "A0_P1_X2": 0.6499999999999999
    },
    "A0_S1_X2_L2": {
        "A0_P1_X2": 0.6499999999999999
    },
    "A0_S1_X2_L3": {
        "A0_P1_X2": 0.6499999999999999
    },
    "A0_S2_X2_L0": {
        "A0_P2_X2": 0.6499999999999999
    },
    "A0_S2_X2_L1": {
        "A0_P2_X2": 0.6499999999999999
    },
    "A0_S2_X2_L2": {
        "A0_P2_X2": 0.6499999999999999
    },
    "A0_S2_X2_L3": {
        "A0_P2_X2": 0.6499999999999999
    },
    "A0_S1_X3_L0": {
        "A0_P1_X3": 0.6499999999999999
    },
    "A0_S1_X3_L1": {
        "A0_P1_X3": 0.6499999999999999
    },
    "A0_S1_X3_L2": {
        "A0_P1_X3": 0.6499999999999999
    },
    "A0_S1_X3_L3": {
        "A0_P1_X3": 0.6499999999999999
    },
    "A0_S2_X3_L0": {
        "A0_P2_X3": 0.6499999999999999
    },
    "A0_S2_X3_L1": {
        "A0_P2_X3": 0.6499999999999999
    },
    "A0_S2_X3_L2": {
        "A0_P2_X3": 0.6499999999999999
    },
    "A0_S2_X3_L3": {
        "A0_P2_X3": 0.6499999999999999
    },
    "A0_S1_X4_L0": {
        "A0_P1_X4": 0.6499999999999999
    },
    "A0_S1_X4_L1": {
        "A0_P1_X4": 0.6499999999999999
    },
    "A0_S1_X4_L2": {
        "A0_P1_X4": 0.6499999999999999
    },
    "A0_S1_X4_L3": {
        "A0_P1_X4": 0.6499999999999999
    },
    "A0_S2_X4_L0": {
        "A0_P2_X4": 0.6499999999999999
    },
    "A0_S2_X4_L1": {
        "A0_P2_X4": 0.6499999999999999
    },
    "A0_S2_X4_L2": {
        "A0_P2_X4": 0.6499999999999999
    },
    "A0_S2_X4_L3": {
        "A0_P2_X4": 0.6499999999999999
    },
    "A1_S1_X0_L0": {
        "A1_P1_X0": 0.6499999999999999
    },
    "A1_S1_X0_L1": {
        "A1_P1_X0": 0.6499999999999999
    },
    "A1_S1_X0_L2": {
        "A1_P1_X0": 0.6499999999999999
    },
    "A1_S1_X0_L3": {
        "A1_P1_X0": 0.6499999999999999
    },
    "A1_S2_X0_L0": {
        "A1_P2_X0": 0.6499999999999999
    },
    "A1_S2_X0_L1": {
        "A1_P2_X0": 0.6499999999999999
    },
    "A1_S2_X0_L2": {
        "A1_P2_X0": 0.6499999999999999
    },
    "A1_S2_X0_L3": {
        "A1_P2_X0": 0.6499999999999999
    },
    "A1_S1_X1_L0": {
        "A1_P1_X1": 0.6499999999999999
    },
    "A1_S1_X1_L1": {
        "A1_P1_X1": 0.6499999999999999
    },
    "A1_S1_X1_L2": {
        "A1_P1_X1": 0.6499999999999999
    },
    "A1_S1_X1_L3": {
        "A1_P1_X1": 0.6499999999999999
    },
    "A1_S2_X1_L0": {
        "A1_P2_X1": 0.6499999999999999
    },
    "A1_S2_X1_L1": {
        "A1_P2_X1": 0.6499999999999999
    },
    "A1_S2_X1_L2": {
        "A1_P2_X1": 0.6499999999999999
    },
    "A1_S2_X1_L3": {
        "A1_P2_X1": 0.6499999999999999
    },
    "A1_S1_X2_L0": {
        "A1_P1_X2": 0.6499999999999999
    },
    "A1_S1_X2_L1": {
        "A1_P1_X2": 0.6499999999999999
    },
    "A1_S1_X2_L2": {
        "A1_P1_X2": 0.6499999999999999
    },
    "A1_S1_X2_L3": {
        "A1_P1_X2": 0.6499999999999999
    },
    "A1_S2_X2_L0": {
        "A1_P2_X2": 0.6499999999999999
    },
    "A1_S2_X2_L1": {
        "A1_P2_X2": 0.6499999999999999
    },
    "A1_S2_X2_L2": {
        "A1_P2_X2": 0.6499999999999999
    },
    "A1_S2_X2_L3": {
        "A1_P2_X2": 0.6499999999999999
    },
    "A1_S1_X3_L0": {
        "A1_P1_X3": 0.6499999999999999
    },
    "A1_S1_X3_L1": {
        "A1_P1_X3": 0.6499999999999999
    },
    "A1_S1_X3_L2": {
        "A1_P1_X3": 0.6499999999999999
    },
    "A1_S1_X3_L3": {
        "A1_P1_X3": 0.6499999999999999
    },
    "A1_S2_X3_L0": {
        "A1_P2_X3": 0.6499999999999999
    },
    "A1_S2_X3_L1": {
        "A1_P2_X3": 0.6499999999999999
    },
    "A1_S2_X3_L2": {
        "A1_P2_X3": 0.6499999999999999
    },
    "A1_S2_X3_L3": {
        "A1_P2_X3": 0.6499999999999999
    },
    "A1_S1_X4_L0": {
        "A1_P1_X4": 0.6499999999999999
    },
    "A1_S1_X4_L1": {
        "A1_P1_X4": 0.6499999999999999
    },
    "A1_S1_X4_L2": {
        "A1_P1_X4": 0.6499999999999999
    },
    "A1_S1_X4_L3": {
        "A1_P1_X4": 0.6499999999999999
    },
    "A1_S2_X4_L0": {
        "A1_P2_X4": 0.6499999999999999
    },
    "A1_S2_X4_L1": {
        "A1_P2_X4": 0.6499999999999999
    },
    "A1_S2_X4_L2": {
        "A1_P2_X4": 0.6499999999999999
    },
    "A1_S2_X4_L3": {
        "A1_P2_X4": 0.6499999999999999
    },
    "A2_S1_X0_L0": {
        "A2_P1_X0": 0.6500000000000004
    },
    "A2_S1_X0_L1": {
        "A2_P1_X0": 0.6500000000000004
    },
    "A2_S1_X0_L2": {
        "A2_P1_X0": 0.6500000000000004
    },
    "A2_S1_X0_L3": {
        "A2_P1_X0": 0.6500000000000004
    },
    "A2_S2_X0_L0": {
        "A2_P2_X0": 0.6500000000000004
    },
    "A2_S2_X0_L1": {
        "A2_P2_X0": 0.6500000000000004
    },
    "A2_S2_X0_L2": {
        "A2_P2_X0": 0.6500000000000004
    },
    "A2_S2_X0_L3": {
        "A2_P2_X0": 0.6500000000000004
    },
    "A2_S1_X1_L0": {
        "A2_P1_X1": 0.6500000000000004
    },
    "A2_S1_X1_L1": {
        "A2_P1_X1": 0.6500000000000004
    },
    "A2_S1_X1_L2": {
        "A2_P1_X1": 0.6500000000000004
    },
    "A2_S1_X1_L3": {
        "A2_P1_X1": 0.6500000000000004
    },
    "A2_S2_X1_L0": {
        "A2_P2_X1": 0.6500000000000004
    },
    "A2_S2_X1_L1": {
        "A2_P2_X1": 0.6500000000000004
    },
    "A2_S2_X1_L2": {
        "A2_P2_X1": 0.6500000000000004
    },
    "A2_S2_X1_L3": {
        "A2_P2_X1": 0.6500000000000004
    },
    "A2_S1_X2_L0": {
        "A2_P1_X2": 0.6500000000000004
    },
    "A2_S1_X2_L1": {
        "A2_P1_X2": 0.6500000000000004
    },
    "A2_S1_X2_L2": {
        "A2_P1_X2": 0.6500000000000004
    },
    "A2_S1_X2_L3": {
        "A2_P1_X2": 0.6500000000000004
    },
    "A2_S2_X2_L0": {
        "A2_P2_X2": 0.6500000000000004
    },
    "A2_S2_X2_L1": {
        "A2_P2_X2": 0.6500000000000004
    },
    "A2_S2_X2_L2": {
        "A2_P2_X2": 0.6500000000000004
    },
    "A2_S2_X2_L3": {
        "A2_P2_X2": 0.6500000000000004
    },
    "A2_S1_X3_L0": {
        "A2_P1_X3": 0.6500000000000004
    },
    "A2_S1_X3_L1": {
        "A2_P1_X3": 0.6500000000000004
    },
    "A2_S1_X3_L2": {
        "A2_P1_X3": 0.6500000000000004
    },
    "A2_S1_X3_L3": {
        "A2_P1_X3": 0.6500000000000004
    },
    "A2_S2_X3_L0": {
        "A2_P2_X3": 0.6500000000000004
    },
    "A2_S2_X3_L1": {
        "A2_P2_X3": 0.6500000000000004
    },
    "A2_S2_X3_L2": {
        "A2_P2_X3": 0.6500000000000004
    },
    "A2_S2_X3_L3": {
        "A2_P2_X3": 0.6500000000000004
    },
    "A2_S1_X4_L0": {
        "A2_P1_X4": 0.6500000000000004
    },
    "A2_S1_X4_L1": {
        "A2_P1_X4": 0.6500000000000004
    },
    "A2_S1_X4_L2": {
        "A2_P1_X4": 0.6500000000000004
    },
    "A2_S1_X4_L3": {
        "A2_P1_X4": 0.6500000000000004
    },
    "A2_S2_X4_L0": {
        "A2_P2_X4": 0.6500000000000004
    },
    "A2_S2_X4_L1": {
        "A2_P2_X4": 0.6500000000000004
    },
    "A2_S2_X4_L2": {
        "A2_P2_X4": 0.6500000000000004
    },
    "A2_S2_X4_L3": {
        "A2_P2_X4": 0.6500000000000004
    },
    "A3_S1_X0_L0": {
        "A3_P1_X0": 0.6500000000000004
    },
    "A3_S1_X0_L1": {
        "A3_P1_X0": 0.6500000000000004
    },
    "A3_S1_X0_L2": {
        "A3_P1_X0": 0.6500000000000004
    },
    "A3_S1_X0_L3": {
        "A3_P1_X0": 0.6500000000000004
    },
    "A3_S2_X0_L0": {
        "A3_P2_X0": 0.6500000000000004
    },
    "A3_S2_X0_L1": {
        "A3_P2_X0": 0.6500000000000004
    },
    "A3_S2_X0_L2": {
        "A3_P2_X0": 0.6500000000000004
    },
    "A3_S2_X0_L3": {
        "A3_P2_X0": 0.6500000000000004
    },
    "A3_S1_X1_L0": {
        "A3_P1_X1": 0.6500000000000004
    },
    "A3_S1_X1_L1": {
        "A3_P1_X1": 0.6500000000000004
    },
    "A3_S1_X1_L2": {
        "A3_P1_X1": 0.6500000000000004
    },
    "A3_S1_X1_L3": {
        "A3_P1_X1": 0.6500000000000004
    },
    "A3_S2_X1_L0": {
        "A3_P2_X1": 0.6500000000000004
    },
    "A3_S2_X1_L1": {
        "A3_P2_X1": 0.6500000000000004
    },
    "A3_S2_X1_L2": {
        "A3_P2_X1": 0.6500000000000004
    },
    "A3_S2_X1_L3": {
        "A3_P2_X1": 0.6500000000000004
    },
    "A3_S1_X2_L0": {
        "A3_P1_X2": 0.6500000000000004
    },
    "A3_S1_X2_L1": {
        "A3_P1_X2": 0.6500000000000004
    },
    "A3_S1_X2_L2": {
        "A3_P1_X2": 0.6500000000000004
    },
    "A3_S1_X2_L3": {
        "A3_P1_X2": 0.6500000000000004
    },
    "A3_S2_X2_L0": {
        "A3_P2_X2": 0.6500000000000004
    },
    "A3_S2_X2_L1": {
        "A3_P2_X2": 0.6500000000000004
    },
    "A3_S2_X2_L2": {
        "A3_P2_X2": 0.6500000000000004
    },
    "A3_S2_X2_L3": {
        "A3_P2_X2": 0.6500000000000004
    },
    "A3_S1_X3_L0": {
        "A3_P1_X3": 0.6500000000000004
    },
    "A3_S1_X3_L1": {
        "A3_P1_X3": 0.6500000000000004
    },
    "A3_S1_X3_L2": {
        "A3_P1_X3": 0.6500000000000004
    },
    "A3_S1_X3_L3": {
        "A3_P1_X3": 0.6500000000000004
    },
    "A3_S2_X3_L0": {
        "A3_P2_X3": 0.6500000000000004
    },
    "A3_S2_X3_L1": {
        "A3_P2_X3": 0.6500000000000004
    },
    "A3_S2_X3_L2": {
        "A3_P2_X3": 0.6500000000000004
    },
    "A3_S2_X3_L3": {
        "A3_P2_X3": 0.6500000000000004
    },
    "A3_S1_X4_L0": {
        "A3_P1_X4": 0.6500000000000004
    },
    "A3_S1_X4_L1": {
        "A3_P1_X4": 0.6500000000000004
    },
    "A3_S1_X4_L2": {
        "A3_P1_X4": 0.6500000000000004
    },
    "A3_S1_X4_L3": {
        "A3_P1_X4": 0.6500000000000004
    },
    "A3_S2_X4_L0": {
        "A3_P2_X4": 0.6500000000000004
    },
    "A3_S2_X4_L1": {
        "A3_P2_X4": 0.6500000000000004
    },
    "A3_S2_X4_L2": {
        "A3_P2_X4": 0.6500000000000004
    },
    "A3_S2_X4_L3": {
        "A3_P2_X4": 0.6500000000000004
    },
    "A0_FS1": {
        "A0_P1_X4": 0.5,
        "A1_FS1": 2.0,
        "BACK_H_A0_1": 2.25
    },
    "A0_FS2": {
        "A0_P2_X4": 0.5,
        "A1_FS2": 2.0,
        "BACK_H_A0_2": 2.25
    },
    "A1_FS1": {
        "A1_P1_X4": 0.5,
        "A0_FS1": 2.0,
        "A2_FS1": 2.0000000000000004,
        "BACK_H_A1_1": 2.25
    },
    "A1_FS2": {
        "A1_P2_X4": 0.5,
        "A0_FS2": 2.0,
        "A2_FS2": 1.9999999999999996,
        "BACK_H_A1_2": 2.25
    },
    "A2_FS1": {
        "A2_P1_X4": 0.5,
        "A1_FS1": 2.0000000000000004,
        "A3_FS1": 2.0,
        "BACK_H_A2_1": 2.25
    },
    "A2_FS2": {
        "A2_P2_X4": 0.5,
        "A1_FS2": 1.9999999999999996,
        "A3_FS2": 2.0,
        "BACK_H_A2_2": 2.25
    },
    "A3_FS1": {
        "A3_P1_X4": 0.5,
        "A2_FS1": 2.0,
        "BACK_H_A3_1": 2.25
    },
    "A3_FS2": {
        "A3_P2_X4": 0.5,
        "A2_FS2": 2.0,
        "BACK_H_A3_2": 2.25
    },
    "BACK_H_A0_1": {
        "A0_FS1": 2.25,
        "BACK_H_A1_1": 2.0,
        "SHIPPING_AREA": 4.035467754796215
    },
    "BACK_H_A0_2": {
        "A0_FS2": 2.25,
        "BACK_H_A1_2": 2.0,
        "SHIPPING_AREA": 3.476348659153739
    },
    "BACK_H_A1_1": {
        "A1_FS1": 2.25,
        "BACK_H_A0_1": 2.0,
        "BACK_H_A2_1": 2.0000000000000004,
        "SHIPPING_AREA": 2.623928352680385
    },
    "BACK_H_A1_2": {
        "A1_FS2": 2.25,
        "BACK_H_A0_2": 2.0,
        "BACK_H_A2_2": 1.9999999999999996,
        "SHIPPING_AREA": 2.342007685726074
    },
    "BACK_H_A2_1": {
        "A2_FS1": 2.25,
        "BACK_H_A1_1": 2.0000000000000004,
        "BACK_H_A3_1": 2.0,
        "SHIPPING_AREA": 2.342007685726074
    },
    "BACK_H_A2_2": {
        "A2_FS2": 2.25,
        "BACK_H_A1_2": 1.9999999999999996,
        "BACK_H_A3_2": 2.0,
        "SHIPPING_AREA": 2.623928352680385
    },
    "BACK_H_A3_1": {
        "A3_FS1": 2.25,
        "BACK_H_A2_1": 2.0,
        "SHIPPING_AREA": 3.4763486591537394
    },
    "BACK_H_A3_2": {
        "A3_FS2": 2.25,
        "BACK_H_A2_2": 2.0,
        "SHIPPING_AREA": 4.035467754796215
    },
    "SHIPPING_AREA": {
        "BACK_H_A0_1": 4.035467754796215,
        "BACK_H_A0_2": 3.476348659153739,
        "BACK_H_A1_1": 2.623928352680385,
        "BACK_H_A1_2": 2.342007685726074,
        "BACK_H_A2_1": 2.342007685726074,
        "BACK_H_A2_2": 2.623928352680385,
        "BACK_H_A3_1": 3.4763486591537394,
        "BACK_H_A3_2": 4.035467754796215
    }
}